com.keymob,keymob,
com.baidu.ssp,baidu,
com.yandex.mobile.ads,Yandex,
com.unionsy,4399,
cn.domob.android,Domob,
com.alimama.ad,AliBaichuan,
com.adsmogo,AdsMogo,
jd.wjlogin_sdk.common,Jingdong,
cn.smartmad,smartmad,
net.nend.android,nend,
com.iBookStar.zip,iBookStar,
com.intowow.sdk.d,intowow,
com.cmcm.adsdk.config,cmgame,
com.airpush,Airpush,
com.admixer,AdMixer,
me.kiip,Kiip,
com.IGAWorks.AdPOPcorn.cores.popicon,IGAWorks,
com.mopub,MoPub,
com.inmobi,InMobi,
com.amazon.device.ads,amazon,
com.wandoujia.ads,Wandoujia,
com.mobvista.msdk,mobvista,
com.umeng.umsdk,umeng,
com.baidu.mobads,BaiduMobAds,
com.qhad,qhad,
com.mobfox,mobfox,
com.kuaiyou,adview,
com.xiaomi.ad,XiaoMi,
net.youmi,Youmi,
com.unity,Unity3D,
com.revmob,RevMob,
com.ironsource,IronSource,Is equal to supersonic
com.fyber.FairBid,Fyber.FairBid,
com.fyber.inneractive,Fyber.DTExchange,
com.fyber.ads.ofw,Fyber.OfferWall,
com.qq.e.ads,tencentGDT,
com.chance.recommend.widget,chance,
com.mediav.ads.sdk,mediav,
com.millennialmedia,MillennialMedia,
com.mobclix,MobClix,
com.adsame,AdSame,
com.qwapi,QWan,
jp.Adlantis.Android,adlantis,
com.lmmob,Lmmob,
com.huawei.hms,Huawei,
net.pubnative,pubnative,
com.kwad.sdk,kuaishou,
com.kwai.allin.ad,kwai,
com.mob.adsdk,BLOOMAD,
com.xinliangxiang,xinliangxiang,
com.haixing,Haixing,
com.tuia.android,tuia,
com.gromore.cn,gromore,
com.bytedance.sdk.openadsdk,pangle,
com.tencent.klevin,klevin,
com.sigmob.sdk,SigMob,
com.mbridge.msdk,mintegral,
com.mcto.sspsdk,iQiyi,
cn.jiguang.ads,jiguang,
com.yahoo.ads,Yahoo,
com.tappx.sdk,tappx,
com.snap.adkit,snap,
com.adcolony,adcolony,
com.kakao.adfit,adfit,
com.applovin,applovin,
com.appnext.sdk,appnext,
com.appodeal.ads,appodeal,
com.facebook.android,facebook,
io.bidmachine,bidmachine,
com.chartboost,chartboost,
com.criteo.publisher,criteo,
com.hyprmx.android,hyprmx,
net.kidoz.sdk,kidoz,
co.ogury,ogury,
com.pollfish,pollfish,
com.pubmatic.sdk,pubmatic,
com.smaato.android.sdk,smaato,
com.smartadserver.android,smartadserver,
com.startapp,startapp,
com.taboola,taboola,
com.vungle,vungle,
com.my.target,mytarget,
com.brightcove.player,brightcove,
com.maio,maio,
com.google.android.gms,google,
com.tapjoy,tapjoy,
com.verizon.ads,verizon,
com.google.ads.interactivemedia.v3,interactivemedia,
com.adform.advertising.sdk,adform,
com.tapit.advertising,tapit,
com.rekmob.ads,rekmob,
com.playerize.superrewards,superrewards,
com.admarvel,admarvel,
com.ad_stir,adstir,
com.heyzap,heyzap,
com.Leadbolt,LeadBolt,
com.purplebrain.adbuddiz,adbuddiz,
com.zestadz.android,zestadz,
com.lifestreet.android,lifestreet,
com.adtech.mobilesdk,adtech,
com.vdopia,vdopia,
com.mobisage,mobisage,
com.jumptap.adtag,jumptap,
com.adlocus.pushAd,adlocus,
com.adgoji,adgoji,
cn.appmedia.ad,appmedia,
com.adwhirl,adwhirl,
com.dianjoy,dian,
com.inneractive.api,inneractive,
com.personagraph,personagraph,
com.adwo.adsdk,adwo,
com.citygrid.ads,citygrid,
com.octobird.advertising,octobird,
com.openx,openx,
tv.freewheel,freewheel,
com.applift,applift,
com.adiquity.android,adiquity,
jp.gmotech.smaad,smaad,
vn.amobi.util,amobi,
net.miidi.ad,miidi,
cn.waps,waps,
com.adchina.android,adchina,
com.admogo,admogo,
com.adgatemedia.sdk,adgatemedia,
com.wiyun.ad,wiyun,
ad.fractalist.android,fractalist,
com.wooboo.adlib_android,wooboo,
com.energysource.szj,energysource,
cn.aduu.android,aduu,
com.mt.airad,airad,
com.greystripe.android,greystripe,
com.immob.sdk,immob,
com.l.adlib_android,lad,
com.mocoplex.adlib,mocoplex,
com.mdotm.android,mdotm,
com.donson.momark,momark,
com.ignitevision.android,ignitevision,
com.wqmobile.sdk,wqmobile,
com.suizong.mobile,suizong,
com.iflytek.voiceads,iflytek,
com.fsn.cauly,cauly,
com.mobon.sdk,mobon,
com.coupang.ads,coupang,
com.mezzomedia.man,mezzomedia,
com.naver.gfpsdk,naver,
com.flurry.android,flurry,
com.vpon.ads,vpon,
net.zucks,zucks,
com.bingzer.android.ads,bingzer,
co.adcel.android,adcel,
com.vuukle,vuukle,
com.appier,appier,
com.iadpush.adp,iadpush,
com.winad.android,winad,
com.izp.views,izp,
com.kuguo.ad,kuguo,
com.dianru,dianru,
com.nd.dianjin,dianjin,
com.snowfish.cn,snowfish,
cn.casee,casee,
com.newqm.sdkoffer,qumi,
com.dangbei,dangbei,
