android.widget.RelativeLayout,0.032102555
java.lang.Object,0.019641659
android.util.Log,0.017913421
java.lang.Boolean,0.017195067
android.webkit.WebSettings,0.016838802
java.lang.String,0.015252039
android.view.View,0.015045239
android.webkit.WebView,0.014311701
android.widget.ImageView,0.013745062
android.widget.TextView,0.013559229
android.os.Handler,0.013551537
android.text.TextUtils,0.012108466
java.util.TimeZone,0.011963219
android.webkit.WebViewClient,0.011903084
android.os.Looper,0.011826677
android.media.AudioManager,0.011465997
java.lang.Math,0.011463266
android.os.Bundle,0.011355355
java.util.Collections,0.011275538
android.widget.FrameLayout,0.010822125
android.content.Context,0.010728281
android.graphics.Rect,0.01050939
java.lang.Class,0.010370692
android.view.ViewGroup,0.010319831
android.app.Application,0.010160225
java.lang.StringBuilder,0.00988038
android.media.MediaPlayer,0.009367719
java.util.ArrayList,0.009221814
java.util.Date,0.008977569
java.util.HashMap,0.008963643
android.net.Uri,0.008963232
org.json.JSONObject,0.008646803
java.lang.Integer,0.008439452
android.view.Display,0.0079609
java.lang.Long,0.007293114
java.util.HashSet,0.007128537
android.webkit.WebChromeClient,0.006399673
java.net.URL,0.006285175
java.util.Arrays,0.006206172
java.lang.Double,0.0061397
android.graphics.Point,0.006024319
java.io.OutputStreamWriter,0.005888803
java.io.InputStreamReader,0.005863198
android.view.LayoutInflater,0.005535724
android.database.sqlite.SQLiteDatabase,0.005380614
java.io.File,0.004792919
java.lang.Number,0.004764483
android.app.NotificationChannel,0.004698143
android.content.ContentValues,0.004687433
android.widget.RatingBar,0.004495558
android.os.Process,0.004485387
android.os.Parcel,0.004461237
android.widget.ProgressBar,0.004429878
android.app.Activity,0.004421921
android.graphics.drawable.BitmapDrawable,0.004390698
java.util.concurrent.atomic.AtomicInteger,0.004344493
android.webkit.JsResult,0.004268009
java.io.BufferedReader,0.004246722
java.io.FileOutputStream,0.004234442
android.os.SystemClock,0.004228676
android.widget.LinearLayout,0.004179761
java.util.LinkedList,0.004175126
java.lang.reflect.Method,0.004111249
dalvik.system.DexClassLoader,0.004057517
java.security.KeyStore,0.004049063
java.security.SecureRandom,0.004024108
java.util.ArrayDeque,0.003995429
java.nio.charset.Charset,0.003970821
android.widget.VideoView,0.003867822
java.util.concurrent.atomic.AtomicReference,0.003804042
java.lang.System,0.003750634
java.net.URLDecoder,0.003708421
android.view.SurfaceView,0.003673215
org.json.JSONArray,0.003660385
android.net.NetworkInfo,0.00363891
java.util.regex.Pattern,0.003559189
java.util.UUID,0.003544587
java.lang.Thread,0.003526684
android.content.res.Resources,0.003493968
android.view.Surface,0.003429298
java.util.Locale,0.003402151
android.content.IntentFilter,0.003361792
java.lang.Character,0.003361632
android.app.AlertDialog,0.003336042
android.webkit.ConsoleMessage,0.003311251
android.view.ViewTreeObserver,0.003268394
java.util.regex.Matcher,0.003258178
java.io.ByteArrayOutputStream,0.003232144
java.lang.reflect.Field,0.003212394
javax.net.ssl.SSLContext,0.003178238
java.lang.Enum,0.003044974
android.app.Fragment,0.003040344
android.content.pm.PackageManager,0.003017402
android.content.ClipboardManager,0.002991479
java.util.concurrent.ThreadPoolExecutor,0.002980491
android.view.KeyEvent,0.002905477
java.lang.Float,0.002889616
java.security.cert.CertificateFactory,0.002868524
android.preference.PreferenceManager,0.002854549
android.content.ContentResolver,0.002845613
android.view.MotionEvent,0.00281034
android.content.res.AssetManager,0.002810026
java.lang.Throwable,0.002808061
android.content.Intent,0.002747804
java.lang.StackTraceElement,0.002713833
android.app.FragmentManager,0.002701274
java.lang.ref.WeakReference,0.002678885
java.util.concurrent.Executors,0.002671448
android.database.sqlite.SQLiteOpenHelper,0.002659258
java.nio.CharBuffer,0.002651364
android.database.ContentObserver,0.002634416
android.app.IntentService,0.002632631
android.content.pm.Signature,0.002589136
java.io.OutputStream,0.002557157
java.io.FileInputStream,0.002491236
java.util.Vector,0.002490359
android.view.TextureView,0.002434202
java.util.concurrent.ConcurrentHashMap,0.002404799
android.telephony.TelephonyManager,0.002394817
android.os.Environment,0.002381751
android.app.PendingIntent,0.002370243
android.graphics.Bitmap,0.002367221
java.io.ObjectOutputStream,0.002319784
java.net.HttpURLConnection,0.002291991
java.util.TreeMap,0.002229035
java.util.concurrent.ConcurrentLinkedQueue,0.002216835
java.util.LinkedHashMap,0.002177084
android.widget.Button,0.002171165
android.util.Base64,0.002112567
android.content.BroadcastReceiver,0.002033012
javax.net.ssl.TrustManagerFactory,0.002014112
java.util.logging.Logger,0.002007664
javax.net.ssl.HttpsURLConnection,0.00200108
android.graphics.RectF,0.001970042
android.content.ClipData,0.001929471
android.util.Pair,0.001925006
android.graphics.drawable.Drawable,0.001896433
java.text.SimpleDateFormat,0.00188973
java.util.EnumSet,0.001877333
android.util.SparseArray,0.001876901
android.view.Window,0.001850761
java.io.InputStream,0.001814827
javax.crypto.spec.IvParameterSpec,0.001785788
java.util.concurrent.CopyOnWriteArraySet,0.001783087
android.graphics.Paint,0.001723847
android.webkit.CookieSyncManager,0.001713331
android.content.res.TypedArray,0.001700325
android.app.NotificationManager,0.001674531
android.app.FragmentTransaction,0.001669246
java.io.StringWriter,0.001657507
android.content.MutableContextWrapper,0.001649231
java.util.concurrent.CountDownLatch,0.001641137
java.util.IdentityHashMap,0.001630331
java.net.URLEncoder,0.001601012
java.math.BigDecimal,0.001578944
android.net.ConnectivityManager,0.001560557
org.apache.http.params.HttpConnectionParams,0.001487146
android.app.KeyguardManager,0.001485574
android.view.animation.AlphaAnimation,0.001476155
android.net.wifi.WifiInfo,0.001467146
java.lang.StringBuffer,0.001458226
android.app.ActivityManager,0.001453025
java.io.BufferedOutputStream,0.001433408
android.media.RingtoneManager,0.001429363
android.os.ConditionVariable,0.001428968
android.widget.Toast,0.001395079
android.os.Debug,0.001391894
dalvik.system.InMemoryDexClassLoader,0.001385716
android.app.job.JobScheduler,0.001366531
java.util.WeakHashMap,0.001363103
android.graphics.Canvas,0.001351052
android.view.animation.DecelerateInterpolator,0.001337904
java.text.DateFormat,0.001331134
java.util.concurrent.atomic.AtomicBoolean,0.001325929
android.util.DisplayMetrics,0.001314903
java.io.ByteArrayInputStream,0.001293344
java.util.zip.GZIPOutputStream,0.00128823
android.webkit.WebResourceResponse,0.001285771
java.util.EnumMap,0.001272163
java.io.FileReader,0.001269905
android.app.ProgressDialog,0.001261918
android.graphics.BitmapFactory,0.0012549
java.io.PrintStream,0.001248832
android.graphics.Color,0.001237207
android.os.Message,0.001221494
android.app.UiModeManager,0.001220957
android.app.Service,0.001216266
java.lang.reflect.Array,0.001201851
java.net.URLConnection,0.001200417
java.util.concurrent.LinkedBlockingQueue,0.001192304
java.security.MessageDigest,0.001182176
android.graphics.drawable.StateListDrawable,0.001173335
java.util.zip.GZIPInputStream,0.001170561
java.nio.charset.CharsetDecoder,0.001168678
android.webkit.WebResourceError,0.001154876
android.util.LruCache,0.001149278
android.net.wifi.WifiManager,0.001137625
android.os.StatFs,0.001135678
org.xmlpull.v1.XmlPullParserFactory,0.001131635
android.app.job.JobService,0.001091294
android.util.TypedValue,0.001091115
java.io.PrintWriter,0.001090878
android.view.animation.Animation,0.00108546
android.app.NotificationChannelGroup,0.001082476
android.os.HandlerThread,0.001064963
android.net.TrafficStats,0.001057006
java.util.TreeSet,0.001031612
java.lang.Runtime,0.001011282
java.io.StringReader,0.00100898
java.lang.ClassLoader,0.001006993
