ads,0.277728526
banner,0.110114939
interstitial,0.066228714
feed,0.032289742
inneractive,0.013809394
nativead,0.008648433
reward,0.007519332
interactivemedia,0.004839876
adsession,0.004819505
adview,0.003487358
adsview,0.003484212
mobileads,0.003479371
adresponse,0.003382813
splash,0.002804839
banners,0.002259888
mediatedviews,0.002148532
fullscreen,0.00158875
purchase,0.001446404
offerWall,0.001193167
offerview,0.001029374
offersview,0.000943243
nativeads,0.000939121
promotebanner,0.000793557
instreamads,0.000458989
award,0.000423433
rewarded,0.000328048
adprovider,0.000318179
mobad,0.000311128
adrender,0
AdNative,0
NativeNetwork,0
popup,0
webview,0
advertising,0
advertise,0
